{
  "date": "2017-09-13 09:00:00+09:00",
  "samples": [
    
    {
      "stationId": 101,
      "so2": 0,
      "ox": 0.032,
      "no": 0.003,
      "no2": 0.014,
      "nox": 0.017,
      "spm": 0,
      "pm25": 7,
      "wd": 337.5,
      "wv": 0.7,
      "temp": 27.7,
      "hum": 57.6
    },
    {
      "stationId": 102,
      "so2": 0.002,
      "ox": 0.032,
      "no": 0.004,
      "no2": 0.016,
      "nox": 0.02,
      "spm": 14,
      "nmhc": 0.19,
      "ch4": 1.95,
      "pm25": 8,
      "wd": 67.5,
      "wv": 0.5,
      "temp": 27.6,
      "hum": 58.9
    },
    {
      "stationId": 103,
      "ox": 0.027,
      "no": 0.007,
      "no2": 0.019,
      "nox": 0.026,
      "spm": 10,
      "nmhc": 0.12,
      "ch4": 1.95,
      "pm25": 6,
      "wd": 337.5,
      "wv": 0.7,
      "temp": 28.5,
      "hum": 57.6
    },
    {
      "stationId": 136,
      "so2": 0.001,
      "ox": 0.022,
      "no": 0.007,
      "no2": 0.02,
      "nox": 0.027,
      "spm": 14,
      "nmhc": 0.11,
      "ch4": 1.95,
      "pm25": 5,
      "wd": 292.5,
      "wv": 0.5,
      "temp": 27.8,
      "hum": 60.9
    },
    {
      "stationId": 104,
      "so2": 0.001,
      "ox": 0.03,
      "no": 0.002,
      "no2": 0.011,
      "nox": 0.013,
      "co": 0.2,
      "spm": 7,
      "nmhc": 0.1,
      "ch4": 1.94,
      "pm25": 5,
      "wd": 337.5,
      "wv": 0.4,
      "temp": 26.1,
      "hum": 71.5,
      "in": 1.45
    },
    {
      "stationId": 105,
      "ox": 0.029,
      "no": 0.005,
      "no2": 0.019,
      "nox": 0.024,
      "spm": 10,
      "nmhc": 0.13,
      "ch4": 1.95,
      "pm25": 11,
      "wd": 0,
      "wv": 1.2,
      "temp": 27.2,
      "hum": 59.4
    },
    {
      "stationId": 106,
      "ox": 0.034,
      "no": 0.003,
      "no2": 0.013,
      "nox": 0.016,
      "spm": 2,
      "nmhc": 0.11,
      "ch4": 1.95,
      "pm25": 8,
      "wd": 0,
      "wv": 2.6,
      "temp": 27.3,
      "hum": 62.5
    },
    {
      "stationId": 107,
      "ox": 0.034,
      "no": 0.003,
      "no2": 0.012,
      "nox": 0.015,
      "spm": 7,
      "pm25": 5,
      "wd": 315,
      "wv": 1.5,
      "temp": 29.1,
      "hum": 56.3
    },
    {
      "stationId": 145,
      "so2": 0.002,
      "ox": 0.027,
      "spm": 16,
      "nmhc": 0.14,
      "ch4": 1.91,
      "pm25": 20,
      "wd": 22.5,
      "wv": 2,
      "temp": 28.9,
      "hum": 60
    },
    {
      "stationId": 108,
      "ox": 0.029,
      "no": 0.007,
      "no2": 0.018,
      "nox": 0.025,
      "spm": 8,
      "pm25": 9,
      "wd": 0,
      "wv": 1.8,
      "temp": 28.1,
      "hum": 59.8,
      "in": 1.58
    },
    {
      "stationId": 109,
      "so2": 0.001,
      "ox": 0.024,
      "no": 0.005,
      "no2": 0.02,
      "nox": 0.025,
      "co": 0.2,
      "spm": 17,
      "nmhc": 0.21,
      "ch4": 1.99,
      "pm25": 8,
      "wd": 337.5,
      "wv": 2.4,
      "temp": 27.8,
      "hum": 64.6
    },
    {
      "stationId": 110,
      "so2": 0,
      "ox": 0.032,
      "no": 0.003,
      "no2": 0.011,
      "nox": 0.014,
      "co": 0.2,
      "spm": 9,
      "nmhc": 0.12,
      "ch4": 1.97,
      "pm25": 6,
      "wd": 22.5,
      "wv": 1.9,
      "temp": 27,
      "hum": 58.7
    },
    {
      "stationId": 142,
      "no": 0.002,
      "no2": 0.011,
      "nox": 0.013,
      "spm": 12,
      "pm25": 6,
      "wd": 45,
      "wv": 1.8,
      "temp": 26.4,
      "hum": 59.7
    },
    {
      "stationId": 111,
      "ox": 0.023,
      "no": 0.009,
      "no2": 0.021,
      "nox": 0.03,
      "spm": 12,
      "pm25": 26,
      "wd": 90,
      "wv": 0.3,
      "temp": 28.7,
      "hum": 56.8
    },
    {
      "stationId": 112,
      "so2": 0,
      "ox": 0.03,
      "no": 0.002,
      "no2": 0.011,
      "nox": 0.013,
      "spm": 6,
      "nmhc": 0.13,
      "ch4": 1.94,
      "pm25": 5,
      "wd": 337.5,
      "wv": 3.6,
      "temp": 27.2,
      "hum": 61.7
    },
    {
      "stationId": 113,
      "ox": 0.029,
      "no": 0.004,
      "no2": 0.012,
      "nox": 0.016,
      "spm": 18,
      "nmhc": 0.11,
      "ch4": 1.93,
      "pm25": 8,
      "wd": 45,
      "wv": 3.1,
      "temp": 27.3,
      "hum": 63.7
    },
    {
      "stationId": 114,
      "so2": 0.001,
      "ox": 0.039,
      "no": 0.001,
      "no2": 0.009,
      "nox": 0.01,
      "co": 0.1,
      "spm": 7,
      "pm25": 18,
      "wd": 90,
      "wv": 1.8,
      "temp": 29.1,
      "hum": 56.7
    },
    {
      "stationId": 115,
      "ox": 0.03,
      "no": 0.003,
      "no2": 0.014,
      "nox": 0.017,
      "spm": 9,
      "pm25": 9,
      "wd": 22.5,
      "wv": 1,
      "temp": 27.6,
      "hum": 63.3
    },
    {
      "stationId": 116,
      "ox": 0.03,
      "no": 0.001,
      "no2": 0.009,
      "nox": 0.01,
      "co": 0,
      "spm": 11,
      "nmhc": 0.11,
      "ch4": 1.93,
      "pm25": 5,
      "wd": 337.5,
      "wv": 0.6,
      "temp": 26.4,
      "hum": 63.1
    },
    {
      "stationId": 117,
      "ox": 0.031,
      "no": 0.004,
      "no2": 0.013,
      "nox": 0.017,
      "spm": 8,
      "pm25": 6,
      "wd": 0,
      "wv": 2.9,
      "temp": 27.3,
      "hum": 56.8,
      "in": 1.76
    },
    {
      "stationId": 137,
      "no": 0.003,
      "no2": 0.011,
      "nox": 0.014,
      "spm": 13,
      "pm25": 6,
      "wd": 0,
      "wv": 2.4,
      "temp": 27.1,
      "hum": 61.1
    },
    {
      "stationId": 118,
      "so2": 0.002,
      "ox": 0.035,
      "no": 0.002,
      "no2": 0.01,
      "nox": 0.012,
      "spm": 4,
      "nmhc": 0.12,
      "ch4": 1.94,
      "pm25": 14,
      "wd": 67.5,
      "wv": 2.1,
      "temp": 28.2,
      "hum": 59.3
    },
    {
      "stationId": 143,
      "no": 0.002,
      "no2": 0.013,
      "nox": 0.015,
      "spm": 13,
      "pm25": 12,
      "wd": 45,
      "wv": 1.8,
      "temp": 28.4,
      "hum": 61.8
    },
    {
      "stationId": 119,
      "ox": 0.025,
      "no": 0.004,
      "no2": 0.017,
      "nox": 0.021,
      "spm": 12,
      "pm25": 8,
      "wd": 45,
      "wv": 1.5,
      "temp": 26.5,
      "hum": 73.5,
      "in": 1.33
    },
    {
      "stationId": 141,
      "no": 0.004,
      "no2": 0.015,
      "nox": 0.019,
      "spm": 15,
      "pm25": 13,
      "wd": 45,
      "wv": 0.6,
      "temp": 28,
      "hum": 71.7
    },
    {
      "stationId": 120,
      "so2": 0,
      "ox": 0.027,
      "no": 0.003,
      "no2": 0.013,
      "nox": 0.016,
      "co": 0.2,
      "spm": 14,
      "nmhc": 0.12,
      "ch4": 1.96,
      "pm25": 6,
      "wd": 0,
      "wv": 1.2,
      "temp": 26.9,
      "hum": 67.7,
      "in": 1.67
    },
    {
      "stationId": 138,
      "ox": 0.027,
      "no": 0.006,
      "no2": 0.018,
      "nox": 0.024,
      "spm": 15,
      "pm25": 9,
      "wd": 0,
      "wv": 2.4,
      "temp": 27.3,
      "hum": 61.9
    },
    {
      "stationId": 140,
      "ox": 0.028,
      "no": 0.006,
      "no2": 0.016,
      "nox": 0.022,
      "spm": 12,
      "nmhc": 0.11,
      "ch4": 1.96,
      "pm25": 9,
      "wd": 0,
      "wv": 2,
      "temp": 27.7,
      "hum": 63.9
    },
    {
      "stationId": 146,
      "so2": 0.001,
      "ox": 0.012,
      "no": 0.01,
      "no2": 0.017,
      "nox": 0.027,
      "spm": 10,
      "pm25": 10,
      "wd": 112.5,
      "wv": 1.3,
      "temp": 26.1,
      "hum": 71
    },
    {
      "stationId": 148,
      "ox": 0.012,
      "no": 0.005,
      "no2": 0.009,
      "nox": 0.014,
      "spm": 2,
      "nmhc": 0.1,
      "ch4": 1.81,
      "pm25": 10,
      "wd": 135,
      "wv": 0.8,
      "temp": 26.5,
      "hum": 60.8
    },
    {
      "stationId": 149,
      "spm": 8,
      "pm25": 6,
      "wd": 112.5,
      "wv": 1.2,
      "temp": 25.7,
      "hum": 64.7
    },
    {
      "stationId": 122,
      "ox": 0.017,
      "no": 0.005,
      "no2": 0.015,
      "nox": 0.02,
      "spm": 11,
      "pm25": 7,
      "wd": 22.5,
      "wv": 0.5,
      "temp": 26,
      "hum": 64.6
    },
    {
      "stationId": 123,
      "so2": 0,
      "ox": 0.028,
      "no": 0.006,
      "no2": 0.011,
      "nox": 0.017,
      "spm": 9,
      "pm25": 7,
      "wd": 45,
      "wv": 2.4,
      "temp": 26.8,
      "hum": 63.7
    },
    {
      "stationId": 124,
      "so2": 0,
      "ox": 0.019,
      "no": 0.004,
      "no2": 0.008,
      "nox": 0.012,
      "co": 0.1,
      "spm": 0,
      "nmhc": 0.09,
      "ch4": 1.87,
      "pm25": 5,
      "wd": 90,
      "wv": 1.5,
      "temp": 26.3,
      "hum": 66.4
    },
    {
      "stationId": 125,
      "ox": 0.026,
      "no": 0.003,
      "no2": 0.012,
      "nox": 0.015,
      "spm": 18,
      "nmhc": 0.13,
      "ch4": 1.95,
      "pm25": 6,
      "wd": 45,
      "wv": 1.8,
      "temp": 27.2,
      "hum": 60.4
    },
    {
      "stationId": 126,
      "ox": 0.026,
      "no": 0.001,
      "no2": 0.01,
      "nox": 0.011,
      "spm": 6,
      "pm25": 3,
      "wd": 0,
      "wv": 0.8,
      "temp": 25.9,
      "hum": 68.2
    },
    {
      "stationId": 127,
      "so2": 0,
      "ox": 0.025,
      "no": 0.004,
      "no2": 0.011,
      "nox": 0.015,
      "spm": 2,
      "nmhc": 0.12,
      "ch4": 1.94,
      "pm25": 6,
      "wd": 67.5,
      "wv": 2,
      "temp": 27.3,
      "hum": 63.4
    },
    {
      "stationId": 144,
      "ox": 0.025,
      "spm": 8,
      "pm25": 3,
      "wd": 22.5,
      "wv": 1.9,
      "temp": 27.8,
      "hum": 60.7,
      "in": 2.13
    },
    {
      "stationId": 128,
      "ox": 0.026,
      "no": 0.003,
      "no2": 0.01,
      "nox": 0.013,
      "co": 0.1,
      "spm": 15,
      "pm25": 7,
      "wd": 0,
      "wv": 2.5,
      "temp": 26.5,
      "hum": 60.3,
      "in": 1.65
    },
    {
      "stationId": 129,
      "so2": 0,
      "ox": 0.025,
      "no": 0.005,
      "no2": 0.015,
      "nox": 0.02,
      "spm": 7,
      "pm25": 3,
      "wd": 90,
      "wv": 1.2,
      "temp": 27,
      "hum": 64.2
    },
    {
      "stationId": 131,
      "so2": 0.001,
      "ox": 0.01,
      "no": 0.011,
      "no2": 0.015,
      "nox": 0.026,
      "co": 0.2,
      "spm": 13,
      "nmhc": 0.11,
      "ch4": 1.91,
      "pm25": 4,
      "wd": 67.5,
      "wv": 1.1,
      "temp": 27.6,
      "hum": 61.8,
      "in": 1.58
    },
    {
      "stationId": 132,
      "so2": 0,
      "ox": 0.031,
      "no": 0.003,
      "no2": 0.011,
      "nox": 0.014,
      "spm": 9,
      "nmhc": 0.11,
      "ch4": 1.99,
      "pm25": 16,
      "wd": 0,
      "wv": 2.3,
      "temp": 28.7,
      "hum": 57
    },
    {
      "stationId": 133,
      "ox": 0.02,
      "no": 0.004,
      "no2": 0.012,
      "nox": 0.016,
      "spm": 9,
      "nmhc": 0.11,
      "ch4": 2.03,
      "pm25": 5,
      "wd": 360,
      "wv": 0,
      "temp": 25.4,
      "hum": 72.8,
      "in": 1.58
    },
    {
      "stationId": 134,
      "so2": 0,
      "ox": 0.021,
      "no": 0.004,
      "no2": 0.011,
      "nox": 0.015,
      "co": 0.1,
      "spm": 11,
      "nmhc": 0.16,
      "ch4": 1.95,
      "pm25": 4,
      "wd": 22.5,
      "wv": 0.6,
      "temp": 26.9,
      "hum": 65.9
    },
    {
      "stationId": 135,
      "so2": 0.001,
      "ox": 0.021,
      "no": 0.003,
      "no2": 0.015,
      "nox": 0.018,
      "co": 0.1,
      "spm": 9,
      "nmhc": 0.1,
      "ch4": 1.91,
      "pm25": 6,
      "wd": 22.5,
      "wv": 0.8,
      "temp": 25.4,
      "hum": 69.2
    },
    {
      "stationId": 130,
      "ox": 0.029,
      "no": 0.004,
      "no2": 0.01,
      "nox": 0.014,
      "spm": 11,
      "pm25": 5,
      "wd": 22.5,
      "wv": 3.4,
      "temp": 27.1,
      "hum": 60.8
    },
    {
      "stationId": 139,
      "no": 0.004,
      "no2": 0.009,
      "nox": 0.013,
      "spm": 6,
      "pm25": 3,
      "wd": 22.5,
      "wv": 2,
      "temp": 28.2,
      "hum": 57.5
    },
    {
      "stationId": 201,
      "no": 0.013,
      "no2": 0.029,
      "nox": 0.042,
      "co": 0.3,
      "spm": 21,
      "pm25": 11
    },
    {
      "stationId": 248,
      "no": 0.013,
      "no2": 0.029,
      "nox": 0.042,
      "spm": 14,
      "pm25": 6,
      "wd": 45,
      "wv": 1,
      "temp": 27.9,
      "hum": 57
    },
    {
      "stationId": 241,
      "no": 0.021,
      "no2": 0.027,
      "nox": 0.048,
      "co": 0.4,
      "spm": 14,
      "pm25": 8
    },
    {
      "stationId": 249,
      "no": 0.002,
      "no2": 0.014,
      "nox": 0.016,
      "spm": 10,
      "pm25": 4
    },
    {
      "stationId": 254,
      "no": 0.051,
      "no2": 0.037,
      "nox": 0.088,
      "spm": 8,
      "pm25": 11
    },
    {
      "stationId": 206,
      "no": 0.013,
      "no2": 0.029,
      "nox": 0.042,
      "co": 0.3,
      "spm": 17,
      "pm25": 10
    },
    {
      "stationId": 244,
      "no": 0.002,
      "no2": 0.016,
      "nox": 0.018,
      "spm": 12,
      "pm25": 6
    },
    {
      "stationId": 208,
      "so2": 0,
      "no": 0.011,
      "no2": 0.027,
      "nox": 0.038,
      "co": 0.4,
      "spm": 11,
      "nmhc": 0.16,
      "ch4": 1.99,
      "pm25": 10,
      "wd": 22.5,
      "wv": 0.7,
      "temp": 26.7,
      "hum": 60.2
    },
    {
      "stationId": 209,
      "no": 0.01,
      "no2": 0.027,
      "nox": 0.037,
      "co": 0.3,
      "spm": 8,
      "pm25": 10
    },
    {
      "stationId": 210,
      "so2": 0.001,
      "no": 0.012,
      "no2": 0.026,
      "nox": 0.038,
      "co": 0.3,
      "spm": 8
    },
    {
      "stationId": 211,
      "no": 0.014,
      "no2": 0.034,
      "nox": 0.048,
      "co": 0.5,
      "spm": 9,
      "pm25": 5
    },
    {
      "stationId": 212,
      "no": 0.04,
      "no2": 0.045,
      "nox": 0.085,
      "co": 0.7,
      "spm": 16,
      "pm25": 7
    },
    {
      "stationId": 213,
      "no": 0.027,
      "no2": 0.038,
      "nox": 0.065,
      "spm": 11,
      "pm25": 4,
      "wd": 157.5,
      "wv": 0.4,
      "temp": 28,
      "hum": 60.3
    },
    {
      "stationId": 215,
      "so2": 0.001,
      "no": 0.026,
      "no2": 0.031,
      "nox": 0.057,
      "co": 0.4,
      "spm": 12,
      "nmhc": 0.2,
      "ch4": 1.96,
      "pm25": 7,
      "wd": 270,
      "wv": 1.4,
      "temp": 28.5,
      "hum": 54.4
    },
    {
      "stationId": 252,
      "no": 0.009,
      "no2": 0.015,
      "nox": 0.024,
      "spm": 8,
      "pm25": 5
    },
    {
      "stationId": 257,
      "no": 0.004,
      "no2": 0.011,
      "nox": 0.015,
      "co": 0.1,
      "spm": 5,
      "pm25": 5
    },
    { "stationId": 216 },
    {
      "stationId": 234,
      "no": 0.018,
      "no2": 0.029,
      "nox": 0.047,
      "spm": 13,
      "pm25": 9,
      "wd": 22.5,
      "wv": 2.1,
      "temp": 27.3,
      "hum": 59
    },
    {
      "stationId": 217,
      "no": 0.016,
      "no2": 0.034,
      "nox": 0.05,
      "co": 0.3,
      "spm": 18,
      "pm25": 9
    },
    {
      "stationId": 256,
      "no": 0.009,
      "no2": 0.019,
      "nox": 0.028,
      "co": 0.3,
      "spm": 9,
      "pm25": 5
    },
    {
      "stationId": 245,
      "no": 0.018,
      "no2": 0.024,
      "nox": 0.042,
      "spm": 7,
      "pm25": 3
    },
    {
      "stationId": 255,
      "no": 0.022,
      "no2": 0.022,
      "nox": 0.044,
      "spm": 10,
      "pm25": 5
    },
    {
      "stationId": 243,
      "no": 0.029,
      "no2": 0.033,
      "nox": 0.062,
      "spm": 12,
      "pm25": 8,
      "wd": 0,
      "wv": 0.6,
      "temp": 26.9,
      "hum": 63.6
    },
    {
      "stationId": 224,
      "no": 0.045,
      "no2": 0.039,
      "nox": 0.084,
      "co": 0.4,
      "spm": 11,
      "pm25": 6
    },
    {
      "stationId": 226,
      "so2": 0.001,
      "no": 0.013,
      "no2": 0.022,
      "nox": 0.035,
      "spm": 12,
      "pm25": 10,
      "wd": 45,
      "wv": 1.2,
      "temp": 27.6,
      "hum": 59.7
    },
    {
      "stationId": 250,
      "no": 0.006,
      "no2": 0.023,
      "nox": 0.029,
      "spm": 14,
      "pm25": 10
    },
    {
      "stationId": 251,
      "no": 0.015,
      "no2": 0.015,
      "nox": 0.03,
      "spm": 0,
      "pm25": 1
    },
    {
      "stationId": 229,
      "no": 0.012,
      "no2": 0.02,
      "nox": 0.032,
      "co": 0.1,
      "spm": 8,
      "pm25": 5
    },
    {
      "stationId": 242,
      "no": 0.007,
      "no2": 0.016,
      "nox": 0.023,
      "spm": 10,
      "pm25": 8
    },
    {
      "stationId": 246,
      "no": 0.017,
      "no2": 0.023,
      "nox": 0.04,
      "spm": 18,
      "pm25": 14
    },
    {
      "stationId": 231,
      "no": 0.039,
      "no2": 0.033,
      "nox": 0.072,
      "spm": 17,
      "pm25": 8
    },
    {
      "stationId": 232,
      "so2": 0.001,
      "no": 0.031,
      "no2": 0.025,
      "nox": 0.056,
      "co": 0.3,
      "spm": 18,
      "nmhc": 0.19,
      "ch4": 1.99,
      "pm25": 6,
      "wd": 22.5,
      "wv": 0.8,
      "temp": 27.2,
      "hum": 62.2
    },
    {
      "stationId": 247,
      "no": 0.003,
      "no2": 0.013,
      "nox": 0.016,
      "spm": 10,
      "pm25": 4
    },
    {
      "stationId": 237,
      "no": 0.019,
      "no2": 0.02,
      "nox": 0.039,
      "spm": 9,
      "pm25": 9
    },
    {
      "stationId": 236,
      "no": 0.03,
      "no2": 0.023,
      "nox": 0.053,
      "co": 0.2,
      "spm": 14,
      "pm25": 7
    }
  ]
}